[
  {
    "id": "me1_q001",
    "question": "What is the term used to describe the cost of the solution after the solution has been implemented in production by a vendor?",
    "options": [
      "A. Total ownership costing",
      "B. Lifecycle maintenance fees",
      "C. Sustainability fees",
      "D. Total cost of ownership"
    ],
    "answer": "D",
    "explanation": "Total cost of ownership (TCO) includes all costs associated with a solution throughout its entire lifecycle, including implementation, maintenance, support, and eventual decommissioning."
  },
  {
    "id": "me1_q002",
    "question": "Enterprise analysis creates just five outputs. Which one of the following is an output of the enterprise analysis tasks?",
    "options": [
      "A. Assumptions and constraints",
      "B. Stakeholder concerns",
      "C. Solution performance assessment",
      "D. Solution approach"
    ],
    "answer": "D",
    "explanation": "Solution approach is one of the five key outputs of enterprise analysis, which defines how the organization will approach developing and implementing the solution."
  },
  {
    "id": "me1_q003",
    "question": "All of the following stakeholders participate in the prioritization of requirements except for which one?",
    "options": [
      "A. Implementation subject matter expert",
      "B. Project team",
      "C. Domain subject matter expert",
      "D. Project manager"
    ],
    "answer": "B",
    "explanation": "The project team as a whole does not typically participate in requirements prioritization. Individual roles like project manager, domain SME, and implementation SME may participate, but not the entire project team."
  },
  {
    "id": "me1_q004",
    "question": "You are the business analyst for your organization. Management has asked that you create a model of the requirements so the stakeholders can better understand the requirements and the project as a whole. Which of the following statements best describes a model?",
    "options": [
      "A. Models are slices of the project solution.",
      "B. Models simplify the requirements for common stakeholders.",
      "C. Models are statistics for the return on investment, time saved, and other mathematics.",
      "D. Models abstract and simplify reality."
    ],
    "answer": "D",
    "explanation": "Models are representations that abstract and simplify reality to help stakeholders understand complex concepts, requirements, or systems in a more digestible format."
  },
  {
    "id": "me1_q005",
    "question": "What plan will describe the stakeholder groups, communication needs, and the level of formality that is appropriate for the requirements?",
    "options": [
      "A. Requirements management plan",
      "B. Project management plan",
      "C. Scope management plan",
      "D. Business analysis communication plan"
    ],
    "answer": "D",
    "explanation": "The business analysis communication plan specifically describes stakeholder groups, their communication needs, and the appropriate level of formality for requirements communication."
  },
  {
    "id": "me1_q006",
    "question": "You are the business analyst for a smaller project where there are few requirements. Management would still like you to create a method to trace the few requirements for this project. What type of matrix would be best in this instance?",
    "options": [
      "A. Roles and responsibility matrix",
      "B. RACI matrix",
      "C. Coverage matrix",
      "D. Requirements trace matrix"
    ],
    "answer": "C",
    "explanation": "A coverage matrix is simpler and more appropriate for projects with few requirements, as it shows which requirements are covered by which solution components without the complexity of a full traceability matrix."
  },
  {
    "id": "me1_q007",
    "question": "You are the business analyst for your organization and have many solutions available to an identified problem. You would like a way to quickly and fairly determine which solution is the best choice for your organization. Which of the following approaches would allow you to determine the top-rated solutions for your organization?",
    "options": [
      "A. Scoring system",
      "B. Acceptance and evaluation criteria",
      "C. Vendor assessment",
      "D. Voting system"
    ],
    "answer": "B",
    "explanation": "Acceptance and evaluation criteria provide a structured, objective way to assess and compare multiple solutions against predetermined standards, ensuring fair and consistent evaluation."
  },
  {
    "id": "me1_q008",
    "question": "When an organization is using a change-driven approach to business analysis, how are communications managed?",
    "options": [
      "A. Communications in a change-driven approach to business analysis focus more on the frequency of communication.",
      "B. Communications in a change-driven approach typically use face-to-face channels.",
      "C. Communications in a change-driven approach focus more on formal communications.",
      "D. Communications in a change-driven approach are all ad hoc."
    ],
    "answer": "A",
    "explanation": "Change-driven approaches emphasize frequent communication to accommodate rapid changes and iterations, focusing on regular touchpoints rather than formal documentation."
  },
  {
    "id": "me1_q009",
    "question": "You are the business analyst for your organization. Management has asked that you create a method to store the project requirements including those under development, under review, and the requirements which have been approved. What is management asking you to create?",
    "options": [
      "A. A change management system",
      "B. A repository",
      "C. A project scope statement",
      "D. A requirements register"
    ],
    "answer": "B",
    "explanation": "A repository is a centralized storage system for requirements in various states of development, review, and approval, providing a single source of truth for all requirements information."
  },
  {
    "id": "me1_q010",
    "question": "You are the business analyst for your organization and working with Tim to identify the assumptions within the business solution. Which one of the following is an assumption?",
    "options": [
      "A. The vendor believes the hardware should arrive by December 1",
      "B. The software must be compatible with Windows Vista",
      "C. The software must cost less than $99 per license",
      "D. The hardware must cost less than $450 per unit."
    ],
    "answer": "A",
    "explanation": "An assumption is something believed to be true but not confirmed. The vendor's belief about delivery date is an assumption, while the others are constraints or requirements."
  },
  {
    "id": "me1_q011",
    "question": "You are working with Terry on the conduct stakeholder analysis task as part of the business analysis duties in your company. Terry wants to know why it's so important to identify stakeholders so early in the business analysis duties. Which one of the following statements best addresses the need to identify the stakeholders early on in the business analysis duties?",
    "options": [
      "A. It's important to identify the stakeholders so the business analyst knows who to report to.",
      "B. It's important to identify the stakeholders so the business analyst knows who to bill for the project.",
      "C. It's important to identify the stakeholder so the business analyst can help ensure the timely delivery of the requirements deliverables.",
      "D. It's important to identify the stakeholders so the stakeholders know who the business analyst is."
    ],
    "answer": "C",
    "explanation": "Early stakeholder identification ensures proper engagement, communication, and delivery of requirements deliverables to the right people at the right time, supporting project success."
  },
  {
    "id": "me1_q012",
    "question": "Nancy has asked you to trace a particular requirement for her. What does 'to trace a requirement' mean?",
    "options": [
      "A. Tracing a requirement means to look at a requirement and the others to which it is related. It links risk, cost, quality, and scope elements to stakeholder and solution requirements to other artifacts created by the team and to solution components.",
      "B. Tracing a requirement means to look at a requirement and the others to which it is related. It links business requirements to stakeholder and solution requirements to other artifacts created by the team and to solution components.",
      "C. Tracing a requirement means to look at a requirement and the others to which it is related. It links business requirements to components in the project's work breakdown structure.",
      "D. Tracing a requirement means to track a requirements from its first identification all the way to its completion to see what issues, risks, costs, quality, and defects have surrounded the requirement"
    ],
    "answer": "B",
    "explanation": "Requirements tracing involves linking business requirements to stakeholder and solution requirements, and further to artifacts and solution components, ensuring comprehensive coverage and impact analysis."
  },
  {
    "id": "me1_q013",
    "question": "When do change requests generally increase in a project?",
    "options": [
      "A. During the project's launch.",
      "B. Towards the beginning of the project.",
      "C. During the project scope management processes.",
      "D. Towards the end of the project."
    ],
    "answer": "D",
    "explanation": "Change requests typically increase towards the end of projects as stakeholders see the actual solution taking shape and identify gaps between expectations and reality."
  },
  {
    "id": "me1_q014",
    "question": "Ben is the business analyst for his organization. Ben is currently working on a solution to improve a laser printer. He has taken the laser printer apart, identified each component, and documented each component's purpose. What type of requirements organization is Ben doing in this scenario?",
    "options": [
      "A. Process modeling",
      "B. Data modeling",
      "C. Functional decomposition",
      "D. Scope modeling"
    ],
    "answer": "C",
    "explanation": "Functional decomposition involves breaking down a system or process into its component parts and understanding the purpose and function of each component."
  },
  {
    "id": "me1_q015",
    "question": "Fred's organization is using a plan-driven approach for the business analysis deliverables. In this approach how will the requirements be captured?",
    "options": [
      "A. Fred will use the appropriate documentation at the discretion of the business analysis team .",
      "B. Fred will use the project management information system.",
      "C. Fred will use whatever business analysis forms are most appropriate.",
      "D. Fred will use standardized templates."
    ],
    "answer": "D",
    "explanation": "Plan-driven approaches rely on standardized templates and formal documentation processes to ensure consistency and completeness in requirements capture."
  },
  {
    "id": "me1_q016",
    "question": "What part of defining the business needs process will evaluate the ends that the organization is seeking to achieve?",
    "options": [
      "A. Business goals and objectives",
      "B. Alternative identification",
      "C. Solution assessment",
      "D. Requirements"
    ],
    "answer": "A",
    "explanation": "Business goals and objectives define the ends or outcomes that the organization is seeking to achieve through the business analysis effort."
  },
  {
    "id": "me1_q017",
    "question": "What type of a business analysis approach focuses on the rapid delivery of business value in short iterations?",
    "options": [
      "A. Risk-driven",
      "B. Change-driven",
      "C. Risk-laden",
      "D. Profit-driven"
    ],
    "answer": "B",
    "explanation": "Change-driven approaches focus on rapid delivery of business value through short iterations, frequent feedback, and adaptive planning."
  },
  {
    "id": "me1_q018",
    "question": "Wanda is the business analyst for her organization and she is currently working on the specify and model requirements process. One of the elements of this process is the documentation of the textual requirements. Wanda must describe the capabilities of the solution, any conditions that must exist for the requirements to operate, and what third component of the textual requirement?",
    "options": [
      "A. Any constraints that may prevent the solution from fulfilling the requirement",
      "B. Write in the active voice",
      "C. Describe a situation or problem",
      "D. Express only one requirement at a time"
    ],
    "answer": "A",
    "explanation": "Textual requirements should describe capabilities, conditions, and any constraints that may prevent the solution from fulfilling the requirement."
  },
  {
    "id": "me1_q019",
    "question": "The business analysis approach generally defines all of the following attributes except for which one?",
    "options": [
      "A. Requirements for solutions acceptance",
      "B. Deliverables",
      "C. Team roles",
      "D. Analysis technique"
    ],
    "answer": "A",
    "explanation": "The business analysis approach defines deliverables, team roles, and analysis techniques, but solution acceptance requirements are defined later in the process."
  },
  {
    "id": "me1_q020",
    "question": "Gary is the business analyst for his organization and he is preparing a presentation about the requirements for a large software development project. Before Gary makes the presentation what should he do as part of his preparation for the presentation?",
    "options": [
      "A. Determine an appropriate format for the presentation.",
      "B. Confirm that he has the authority to host the presentation.",
      "C. Confirm that the stakeholders have signed off on the requirements.",
      "D. Hire a scribe to keep the minutes of the meeting."
    ],
    "answer": "C",
    "explanation": "Before presenting requirements, it's crucial to confirm that stakeholders have signed off on them to ensure accuracy and avoid presenting outdated or unapproved information."
  },
  {
    "id": "me1_q021",
    "question": "You are the business analyst for your organization and are creating the solution scope definition. Which of the following should be included in the solution scope definition?",
    "options": [
      "A. Business case",
      "B. Technical dependencies",
      "C. Elicitation techniques",
      "D. Organization readiness assessment"
    ],
    "answer": "B",
    "explanation": "Technical dependencies should be included in the solution scope definition as they impact what can be delivered and how the solution will be implemented."
  },
  {
    "id": "me1_q022",
    "question": "What business analysis element tries to identify as many potential options as possible to meet the business objectives and fill identified gaps in capabilities?",
    "options": [
      "A. Ranking of approaches",
      "B. Decision analysis",
      "C. Documentation of assumptions and constraints",
      "D. Alternative generation"
    ],
    "answer": "D",
    "explanation": "Alternative generation is the process of identifying as many potential options as possible to meet business objectives and address capability gaps."
  },
  {
    "id": "me1_q023",
    "question": "Paul is the business analyst for his organization. He is examining a single solution to determine if the solution he and his team have identified carries enough business value to justify its implementation. What business analysis process is Paul performing in this scenario?",
    "options": [
      "A. Define transition requirements",
      "B. Assess proposed solution",
      "C. Assess organizational readiness",
      "D. Allocate requirements"
    ],
    "answer": "B",
    "explanation": "Assessing a proposed solution involves evaluating whether it carries sufficient business value to justify implementation costs and effort."
  },
  {
    "id": "me1_q024",
    "question": "You are the business analyst for your organization. Gary and Janet, two key stakeholders in the project, are in disagreement over a requirement for the type of software to be installed on the server your solution calls for. What must happen in this instance before formal approval can be offered?",
    "options": [
      "A. The conflict will need to be resolved through research, resolution, or through a third- party mediation.",
      "B. Gary and Janet will need to determine who has seniority in the company to determine which requirement takes precedence.",
      "C. The conflict will need to be removed from the solution scope until Gary and Janet come to a solution.",
      "D. The business analyst will need to make a decision on which requirement is most appropriate."
    ],
    "answer": "A",
    "explanation": "Conflicts between stakeholders must be resolved through research, collaborative resolution, or mediation before requirements can be formally approved."
  },
  {
    "id": "me1_q025",
    "question": "One of the processes within requirements analysis is to prioritize requirements. As a business analyst why would you ever want to prioritize requirements?",
    "options": [
      "A. You may need to determine the cost of each requirement.",
      "B. You may need to determine the schedule for each requirement.",
      "C. You may need to determine which requirements are most critical so the analysis and implementation efforts focus on the most critical requirements.",
      "D. You may need to determine which requirements are most critical so additional risk analysis can be completed on those requirements."
    ],
    "answer": "C",
    "explanation": "Requirements prioritization helps focus analysis and implementation efforts on the most critical requirements, ensuring maximum business value delivery."
  },
  {
    "id": "me1_q026",
    "question": "You are the business analyst for your organization and are working with Jennifer to conduct stakeholder analysis. You would like to create a RACI chart to help with the roles of the people involved in the stakeholder analysis process. Jennifer is not familiar with this chart and asks what does RACI mean. Which one of the following best describes the RACI chart in the conduct stakeholder analysis process?",
    "options": [
      "A. It's a matrix that uses the Responsible, Accountable, Consult, and Inform tasks as part of the stakeholder analysis process.",
      "B. It's a role and responsibility chart that identifies when stakeholders are needed in the business analyst duties.",
      "C. It's a matrix that uses Role, Action, Consult, and Inform as part of the conduct stakeholder analysis process.",
      "D. It's a rule that the business analyst can use to identify all of the needed stakeholders: roles, actions, communications, and interest."
    ],
    "answer": "A",
    "explanation": "RACI stands for Responsible, Accountable, Consult, and Inform, and is used to clarify roles and responsibilities in various processes including stakeholder analysis."
  },
  {
    "id": "me1_q027",
    "question": "You are the business analyst for your organization. Management wants you to prioritize the identified requirements by the requirements that have the highest likelihood of success. Why would management want you to prioritize the requirements with this factor even though some of the requirements may be difficult to implement?",
    "options": [
      "A. They want a fast return on investment.",
      "B. They want to show early success in the implementation to the project stakeholders.",
      "C. They don't understand the requirements.",
      "D. They want to avoid penalties or fines due to a pending law."
    ],
    "answer": "B",
    "explanation": "Prioritizing requirements with high likelihood of success helps demonstrate early wins and build stakeholder confidence in the project's ability to deliver value."
  },
  {
    "id": "me1_q028",
    "question": "You are creating the solution scope for an identified problem in your organization. You are working with several stakeholders during this process including the domain subject matter expert, the implementation subject matter expert, the project manager, and the sponsor. Which of these stakeholders will be responsible for writing the project scope?",
    "options": [
      "A. Domain subject matter expert",
      "B. Business analyst",
      "C. Project manager",
      "D. Sponsor"
    ],
    "answer": "C",
    "explanation": "The project manager is responsible for writing the project scope, which defines the work that needs to be done to deliver the solution."
  },
  {
    "id": "me1_q029",
    "question": "You have identified a task in your task list that cannot be completed until the inspector for the project signs off on the initial deliverables. The inspector's signoff on the initial deliverables is called what?",
    "options": [
      "A. Assumption",
      "B. Dependency",
      "C. Milestone",
      "D. Constraint"
    ],
    "answer": "B",
    "explanation": "A dependency is a relationship where one task cannot start or finish until another task or external factor is completed, such as an inspector's signoff."
  },
  {
    "id": "me1_q030",
    "question": "Sally is the business analyst for her organization. Sally and her business analysis team is currently using a business analysis approach to determine what the competition of her organization is offering prospective clients. She is trying to identify solutions to increase revenue by remaining competitive with the competition. What business analysis approach is Sally and her business analysis team using?",
    "options": [
      "A. Business rules analysis",
      "B. Functional decomposition",
      "C. Focus groups",
      "D. Benchmarking"
    ],
    "answer": "D",
    "explanation": "Benchmarking is the process of comparing an organization's processes, products, or services against competitors or industry best practices."
  },
  {
    "id": "me1_q031",
    "question": "You need to identify assumptions as part of the assessment of capability gaps. Which of the following is an example of an assumption?",
    "options": [
      "A. The project manager believes that her project team members can program in COBOL.",
      "B. All vendors must have security clearance.",
      "C. The software must be compatible with the current operating system.",
      "D. The risk in the project must be quantified."
    ],
    "answer": "A",
    "explanation": "An assumption is something believed to be true without verification. The project manager's belief about team skills is an assumption that should be validated."
  },
  {
    "id": "me1_q032",
    "question": "You are the business analyst for your organization and are to conduct stakeholder analysis. Which of the following statements best describes the conduct stakeholder analysis task?",
    "options": [
      "A. This task identifies organizations and lines of business that may be affected by a proposed initiative or who share a common business need.",
      "B. This task identifies stakeholders who may be affected by a proposed initiative or who share a common business need.",
      "C. This task identifies the organizations that are likely affected by a problem that a project must solve.",
      "D. This task identifies the people who may be affected by a proposed initiative or who share a common business need."
    ],
    "answer": "B",
    "explanation": "Stakeholder analysis identifies all stakeholders (not just people or organizations) who may be affected by or have influence over a proposed initiative."
  },
  {
    "id": "me1_q033",
    "question": "When can changes to requirements occur in a business analysis planning and monitoring assignment?",
    "options": [
      "A. Change to requirements can occur any time before the project scope statement is created.",
      "B. Changes to requirements can occur at any time.",
      "C. Changes to requirements can occur any time after the project's change control system has been enacted.",
      "D. Change to requirements can occur at any time before the key stakeholders approve the identified requirements."
    ],
    "answer": "B",
    "explanation": "Requirements can change at any time during a project, which is why proper change management processes and requirements management are essential."
  },
  {
    "id": "me1_q034",
    "question": "What does the T in SWOT analysis mean?",
    "options": ["A. Trial", "B. Threats", "C. Test", "D. Time"],
    "answer": "B",
    "explanation": "SWOT analysis examines Strengths, Weaknesses, Opportunities, and Threats to assess an organization's strategic position."
  },
  {
    "id": "me1_q035",
    "question": "You are the business analyst for the NGQ Company. Management is concerned that their company is not able to meet an identified business need with their current existing structure, people, processes and technology. They've asked you to complete an analysis of their organization's ability to meet the identified business need. What business analysis process are you completing for your organization?",
    "options": [
      "A. Determining the solution approach",
      "B. Assessing the capability gaps",
      "C. Requirements elicitation",
      "D. Verifying the requirements"
    ],
    "answer": "B",
    "explanation": "Assessing capability gaps involves analyzing the organization's current capabilities against what's needed to meet business requirements."
  },
  {
    "id": "me1_q036",
    "question": "You are the business analyst for your organization and are working on prioritizing the project requirements. Management has asked you to prioritize the requirements based on the cost-benefit analysis for the requirements' value to the organization. What basis for prioritization are you using in this instance?",
    "options": [
      "A. Business value",
      "B. Stakeholder agreement",
      "C. Likelihood of success",
      "D. Urgency"
    ],
    "answer": "A",
    "explanation": "Prioritizing based on cost-benefit analysis and value to the organization is using business value as the basis for prioritization."
  },
  {
    "id": "me1_q037",
    "question": "You are the business analyst for your organization and management has asked that you identify opportunities to improve the operations of the business. You notice that some of the stakeholders use several pieces of software and several duplicate activities within each software package to generate data reports for customers. What type of recommendation can you make in regard to this observation?",
    "options": [
      "A. You can address the automation of how the workers perform.",
      "B. You will need to perform active observation first to understand the processes in more detail.",
      "C. You can address the non-functional requirements of the activities.",
      "D. You will need to perform passive observation first to understand the processes in moredetail."
    ],
    "answer": "B",
    "explanation": "Before making recommendations about process improvements, active observation is needed to understand the detailed workflows and identify specific improvement opportunities."
  },
  {
    "id": "me1_q038",
    "question": "You are the business analyst for your organization and are beginning the requirements analysis processes. Which one of the following statements best describes the requirements analysis processes?",
    "options": [
      "A. It ensures that analysis and implementation efforts focus on the most critical requirements.",
      "B. It covers the definition of stakeholder requirements, which describe what a solution must be capable of doing.",
      "C. It defines all of the work, and only the required work, to complete the project objectives.",
      "D. It is conformity to requirements and a fitness for use."
    ],
    "answer": "C",
    "explanation": "Requirements analysis processes define all the necessary work (and only the necessary work) needed to complete project objectives and deliver the solution."
  },
  {
    "id": "me1_q039",
    "question": "Management has asked you, a business analyst for your organization, to create the solution scope for an identified problem. In order to complete this task, you'll need three elements. All of the following are elements you'll need in order to write the solution scope except for which one?",
    "options": [
      "A. Work breakdown structure",
      "B. Implementation approach",
      "C. Solution scope definition",
      "D. Dependencies"
    ],
    "answer": "A",
    "explanation": "The work breakdown structure is a project management artifact, not a required element for creating the solution scope. Implementation approach, solution scope definition, and dependencies are needed."
  },
  {
    "id": "me1_q040",
    "question": "You are the business analyst for your organization and you are preparing the business case for a proposed solution. You need to include the management horizon in your business case. What is the management horizon?",
    "options": [
      "A. It is the expected deliverables that will be beneficial for the organization.",
      "B. It is the point in time when the solution will be completed.",
      "C. It is the duration of each phase of the project until the solution earns a profit.",
      "D. It is the point in time for the solution to break even on cost and begin earning a profit."
    ],
    "answer": "D",
    "explanation": "The management horizon is the point in time when the solution is expected to break even on costs and begin generating profit for the organization."
  },
  {
    "id": "me1_q041",
    "question": "What two factors must the business analyst consider when conducting stakeholder analysis?",
    "options": [
      "A. Politics and influence",
      "B. Influence and attitude",
      "C. Attitude and position",
      "D. Position and politics"
    ],
    "answer": "B",
    "explanation": "When conducting stakeholder analysis, business analysts must consider both the influence stakeholders have and their attitude toward the proposed change or solution."
  },
  {
    "id": "me1_q042",
    "question": "Donna is leading a brainstorming session for her organization. She has asked the participants in this group to come up with at least ten ideas for possible solutions to an identified problem. What is the problem with setting the goal as ten ideas for possible solutions in this session?",
    "options": [
      "A. The goal should be to come up with as many solutions as possible, not just ten ideas.",
      "B. The goal should be to generate ten ideas within a set time period.",
      "C. The goal should be to come up with the best solution for the problem, not ten ideas.",
      "D. The goal should be to include everyone's input to the solutions."
    ],
    "answer": "A",
    "explanation": "Brainstorming should encourage generating as many ideas as possible without artificial limits, as setting a minimum number may limit creative thinking."
  },
  {
    "id": "me1_q043",
    "question": "You are the business analyst for your organization and working with the stakeholders to prioritize the requirements. The stakeholders are concerned about the financial impact of the requirements should some of them fail during the implementation. You would like to rank the risk tolerance of the stakeholders based on their comments about the solution and the requirements. The following are the three categories of risk tolerance associated with the stakeholders except for which one?",
    "options": [
      "A. Mitigation",
      "B. Risk-aversion",
      "C. Risk-seeking",
      "D. Neutrality"
    ],
    "answer": "A",
    "explanation": "Mitigation is a risk response strategy, not a category of risk tolerance. The three categories of risk tolerance are risk-aversion, risk-seeking, and neutrality."
  },
  {
    "id": "me1_q044",
    "question": "What business analysis process ensures that requirements specifications and models meet the necessary standard of quality to allow them to be used effectively to guide further work?",
    "options": [
      "A. Identify constraints and assumptions",
      "B. Validate requirements",
      "C. Verify requirements",
      "D. Specify and model requirements"
    ],
    "answer": "C",
    "explanation": "Verify requirements ensures that requirements specifications and models meet quality standards and can effectively guide further development work."
  },
  {
    "id": "me1_q045",
    "question": "Paul has been asked to complete SWOT analysis for his solution scope. What does SWOT analysis mean?",
    "options": [
      "A. Strengths, Weaknesses, Opportunities, Time",
      "B. Stakeholder Weaknesses, Organizational Threats",
      "C. Stakeholders Weaknesses, Organization, Threats",
      "D. Strengths, Weaknesses, Opportunities, Threats"
    ],
    "answer": "D",
    "explanation": "SWOT analysis examines Strengths, Weaknesses, Opportunities, and Threats to assess strategic position and guide decision-making."
  },
  {
    "id": "me1_q046",
    "question": "Which one of the following is an example of a non-negotiable demand by a stakeholder during the requirements prioritization session?",
    "options": [
      "A. All requirements are ranked as high",
      "B. Communication",
      "C. All requirements are prioritized by cost-benefits ratio",
      "D. Cost"
    ],
    "answer": "A",
    "explanation": "Demanding that all requirements be ranked as high priority is a non-negotiable stance that undermines the purpose of prioritization and creates unrealistic expectations."
  },
  {
    "id": "me1_q047",
    "question": "You are the business analyst for your organization and are working with Virginia on the allocation of requirements for a new solution. You have assigned Virginia the task of breaking down the solution scope into smaller components for allocation. What technique have you asked Virginia to complete in this scenario?",
    "options": [
      "A. Decision analysis",
      "B. Business rules analysis",
      "C. Process modeling",
      "D. Functional decomposition"
    ],
    "answer": "D",
    "explanation": "Functional decomposition involves breaking down the solution scope into smaller, manageable components that can be allocated to different parts of the solution."
  },
  {
    "id": "me1_q048",
    "question": "You are the business analyst for a large project in your organization. While your company prefers face-to-face communications there are many stakeholders located in different geographical locations. How can you still effectively serve as a business analyst when the stakeholders are not collocated?",
    "options": [
      "A. You will need to travel on a regular rotation to each of the geographical locations to complete the business analyst duties.",
      "B. You will need to implement videoconferences.",
      "C. Add more business analysts in each of the geographical location.",
      "D. You will need the stakeholders to periodically gather in one locale."
    ],
    "answer": "B",
    "explanation": "Video conferencing provides an effective alternative to face-to-face communication for geographically distributed stakeholders, maintaining engagement while being cost-effective."
  },
  {
    "id": "me1_q049",
    "question": "Which one of the following business analysis planning and monitoring techniques can be used to define and document the business analysis approach?",
    "options": [
      "A. Process modeling",
      "B. Structured walkthrough",
      "C. Decision analysis",
      "D. Control charts"
    ],
    "answer": "A",
    "explanation": "Process modeling can be used to define and document the business analysis approach by mapping out the processes, activities, and workflow for the business analysis effort."
  },
  {
    "id": "me1_q050",
    "question": "Henry is the business analyst for his organization. Management has created a pre- determined budget of $450,000 for his solution. Henry has identified the project requirements but now wants to prioritize them based on timeboxing and budgeting. Henry examines the cost of the requirements and begins removing the requirements from the allowed list in order to meet the $450,000 budget. What timeboxing or budgeting approach is Henry using?",
    "options": ["A. Parametric", "B. All in", "C. Selective", "D. All out"],
    "answer": "A",
    "explanation": "The parametric approach involves using predetermined parameters (like budget constraints) to guide requirements selection and prioritization decisions."
  },
  {
    "id": "me1_q051",
    "question": "You are hosting a collection of stakeholders from across the organization to identify the ideas and attitudes about your company's help desk. You want the stakeholders to honestly share their opinions about the help desk service so you can identify problems, solutions, and take actions to improve the service. What type of requirements elicitation activity is this?",
    "options": [
      "A. Stakeholder analysis",
      "B. Focus groups",
      "C. Workshop",
      "D. Root cause analysis"
    ],
    "answer": "B",
    "explanation": "Focus groups are designed to gather ideas, attitudes, and opinions from stakeholders about a specific topic in a structured discussion format."
  },
  {
    "id": "me1_q052",
    "question": "Which stakeholder must approve the business analysis approach to ensure that the business analysis approach is compatible with the other project activities?",
    "options": [
      "A. Project sponsor",
      "B. Project manager",
      "C. Project customer",
      "D. Change control board"
    ],
    "answer": "B",
    "explanation": "The project manager must approve the business analysis approach to ensure it aligns with and supports other project activities and the overall project plan."
  },
  {
    "id": "me1_q053",
    "question": "You and Tom are writing the solution scope for a new project in your organization. You need to create a method to define what solution will and will not provide for the organization. What technique can you and Tom use to establish appropriate boundaries for the solution?",
    "options": [
      "A. Interviews with the key stakeholders",
      "B. User stories",
      "C. Functional decomposition",
      "D. Scope modeling"
    ],
    "answer": "D",
    "explanation": "Scope modeling is specifically designed to establish clear boundaries for what the solution will and will not provide, helping define the solution scope."
  },
  {
    "id": "me1_q054",
    "question": "Your organization is trying to determine which one of two opportunities they will pursue. The Project A is worth $235,987 and Project B is worth $567,000 but carries significant risk. The organization elects to pursue Project B and not Project A. What is the opportunity cost in this scenario?",
    "options": [
      "A. $331,013",
      "B. There is not enough information to know as the risk for Project B has not been quantified.",
      "C. $235,987",
      "D. $567,000"
    ],
    "answer": "C",
    "explanation": "Opportunity cost is the value of the best alternative foregone. By choosing Project B, they gave up Project A worth $235,987."
  },
  {
    "id": "me1_q055",
    "question": "You are the business analyst for the TGH Organization and are determining if you should buy or build a solution for your company. You have determined that you can create the in-house solution for $78,000 with a monthly support cost of $8,765. A vendor can create the solution for $61,000 with a monthly support costs of $7,990. How long will it take your company to break even if you choose the internal solution versus the vendor's solution?",
    "options": ["A. 36 months", "B. 12 months", "C. 6 months", "D. 22 months"],
    "answer": "D",
    "explanation": "Cost difference: $78,000 - $61,000 = $17,000. Monthly savings: $8,765 - $7,990 = $775. Break even: $17,000 ÷ $775 = 22 months."
  },
  {
    "id": "me1_q056",
    "question": "You are the business analyst for your organization. Management realizes that a proposed solution has risks that may cause the entire project to fail. They would like you to prioritize the requirements with maximum risks first so that if the project fails, there is little loss of capital in the project implementation. What requirements prioritization approach is management asking you to create in this instance?",
    "options": [
      "A. Implementation difficulty",
      "B. Business or technical risk",
      "C. Likelihood of success",
      "D. Relationship to other requirements"
    ],
    "answer": "B",
    "explanation": "Prioritizing requirements based on risk levels (business or technical risk) ensures high-risk items are addressed first to minimize potential losses."
  },
  {
    "id": "me1_q057",
    "question": "You are the business analyst for your organization. Management has asked that you create a stakeholder map as part of the conduct stakeholder analysis process. What is a stakeholder map?",
    "options": [
      "A. A stakeholder map is a visual diagram that shows the connection among positive and negative stakeholders",
      "B. A stakeholder map is a visual diagram that illustrates where the stakeholders are geographically located.",
      "C. A stakeholder map is a visual diagram that depicts the stakeholders' actions as responsible, accountable, consult, and inform.",
      "D. A stakeholder map is a visual diagram that depicts the relationship of the stakeholders to the solution and to one another."
    ],
    "answer": "D",
    "explanation": "A stakeholder map visually shows how stakeholders relate to the solution and their relationships with each other, helping understand influence and communication paths."
  },
  {
    "id": "me1_q058",
    "question": "Which conduct stakeholder analysis technique identifies stakeholder roles that may serve as a useful starting point for identifying actors and roles?",
    "options": [
      "A. Scope modeling",
      "B. Requirements workshops",
      "C. Scenario and uses cases and user stories",
      "D. Interviews"
    ],
    "answer": "D",
    "explanation": "Interviews allow direct discussion with stakeholders to identify their roles and can serve as a starting point for identifying actors and roles in the system."
  },
  {
    "id": "me1_q059",
    "question": "You are completing enterprise analysis. Management has asked you to create a document that will help them create a go/no go decision to invest and move forward with a proposed project. What document does management want you to create?",
    "options": [
      "A. Feasibility study",
      "B. Project scope",
      "C. Solution scope",
      "D. Business case"
    ],
    "answer": "D",
    "explanation": "A business case provides the justification for investment and helps management make go/no-go decisions by outlining costs, benefits, and risks."
  },
  {
    "id": "me1_q060",
    "question": "Some of the requirements in the solution must be completed because of laws and regulations in your industry. Management would like you, the business analyst, to rank the requirements according to the relevant laws. What type of requirements prioritization is management having you complete?",
    "options": [
      "A. Regulatory ranking",
      "B. Business value ranking",
      "C. Constraint ranking",
      "D. Risk ranking"
    ],
    "answer": "A",
    "explanation": "Regulatory ranking prioritizes requirements based on legal and regulatory compliance needs, ensuring mandatory regulatory requirements are addressed first."
  },
  {
    "id": "me1_q061",
    "question": "Which of the following is concerned with determining whether the information used for risk analysis is probable, of high class, or accurate?",
    "options": [
      "A. Risk Urgency Assessment",
      "B. Risk Probability and Impact Assessment",
      "C. Risk Categorization",
      "D. Risk Data Quality Assessment"
    ],
    "answer": "D",
    "explanation": "Risk Data Quality Assessment evaluates the accuracy, reliability, and quality of the information used in risk analysis to ensure sound decision-making."
  },
  {
    "id": "me1_q062",
    "question": "You are working with several business analysts to determine the solution approach for an identified problem. All of the following techniques are acceptable for identifying the solution approach except for which one?",
    "options": [
      "A. Benchmarking",
      "B. Decision analysis",
      "C. Risk analysis",
      "D. Brainstorming"
    ],
    "answer": "C",
    "explanation": "Risk analysis is used to assess and manage risks, not to identify solution approaches. The other techniques help generate and evaluate solution options."
  },
  {
    "id": "me1_q063",
    "question": "You are the business analyst for your organization and are in the process of creating the solution approach for a technology problem. Which one of the following definitions best describes the solution approach?",
    "options": [
      "A. It is the documentation and control of changes to the product scope as approved by the project stakeholders.",
      "B. Defines the general approach that will be taken to create or acquire new capabilities required to meet the business need.",
      "C. It is an uncertain event or condition that may have a positive or negative impact on the abilities of the chartered project.",
      "D. Decomposes the project scope into smaller deliverables; each deliverable is subdivided repeatedly until the deliverable cannot or should not be broken down any further."
    ],
    "answer": "B",
    "explanation": "The solution approach defines the general strategy for creating or acquiring new capabilities needed to address the identified business need."
  },
  {
    "id": "me1_q064",
    "question": "You are the business analyst for your organization. You are currently working with Steve on the organize requirements process. You and Steve have elected to use the user stories approach for this process. What is the user stories approach for requirements organization?",
    "options": [
      "A. Stakeholders' experiences equate to the stakeholder requirements.",
      "B. Stakeholders are interviewed and their experiences are recorded to help identify the requirements.",
      "C. Stakeholders' objectives are described to identify the requirements that the solution will need to support.",
      "D. Stakeholders are interviewed and their stories are recorded as part of the requirements."
    ],
    "answer": "D",
    "explanation": "User stories approach involves interviewing stakeholders and recording their stories about how they interact with the system as part of requirements gathering."
  },
  {
    "id": "me1_q065",
    "question": "Which of the following processes is used to make certain that the project team members are completing the project work according to the project plan?",
    "options": [
      "A. Project time management",
      "B. Project scope management",
      "C. Quality management plan",
      "D. Quality control"
    ],
    "answer": "D",
    "explanation": "Quality control involves monitoring and verifying that project work is being completed according to the project plan and meets specified requirements."
  },
  {
    "id": "me1_q066",
    "question": "Which one of the following terms is not a business analysis planning and monitoring approach?",
    "options": [
      "A. Structured walkthroughs",
      "B. Decision analysis",
      "C. Requirements elicitation",
      "D. Process modeling"
    ],
    "answer": "C",
    "explanation": "Requirements elicitation is a requirements development activity, not a business analysis planning and monitoring approach."
  },
  {
    "id": "me1_q067",
    "question": "What technique used during the manage business analysis performance process can help identify the underlying causes of failures or difficulties in accomplishing business analysis work?",
    "options": [
      "A. Problem tracking",
      "B. Pareto charts",
      "C. Trend analysis",
      "D. Root cause analysis"
    ],
    "answer": "D",
    "explanation": "Root cause analysis specifically identifies the underlying causes of problems or failures, helping to address fundamental issues rather than symptoms."
  },
  {
    "id": "me1_q068",
    "question": "What document defines the business needs, identifies key stakeholders, and describes the positive impact the solution will provide on the key stakeholders?",
    "options": [
      "A. Project charter",
      "B. Project scope statement",
      "C. Solution scope",
      "D. Vision statement"
    ],
    "answer": "A",
    "explanation": "The project charter defines business needs, identifies key stakeholders, and describes the positive impact the solution will have on stakeholders."
  },
  {
    "id": "me1_q069",
    "question": "Your organization is using a plan-driven approach to business analysis. What characteristic must be true of changes in the approach that your organization is using?",
    "options": [
      "A. All the changes only occur if they are less than an agreed factor, such as ten percent of the solution's overall cost or a percentage of the project's schedule.",
      "B. All the changes only occur if they are less than ten percent of the solution's overall cost.",
      "C. All the changes only occur if they are genuinely necessary.",
      "D. Changes are generally not permitted in the plan-driven approach to business analysis."
    ],
    "answer": "C",
    "explanation": "In plan-driven approaches, changes are controlled and only permitted when they are genuinely necessary and properly justified through change control processes."
  },
  {
    "id": "me1_q070",
    "question": "You are the business analyst for your organization and are preparing to complete the allocate requirements process. This process assigns stakeholder and solution requirements to solution components and to releases. One of the elements of this process is solution components. All of the following are solution components except for which one?",
    "options": [
      "A. Assessment of proposed solution",
      "B. Business processes to be performed and managed",
      "C. Business policies and business rules",
      "D. Software applications and application components used in the solution"
    ],
    "answer": "A",
    "explanation": "Assessment of proposed solution is an analysis activity, not a solution component. Solution components are the actual parts that make up the solution."
  },
  {
    "id": "me1_q071",
    "question": "You are the business analyst for your organization and you are completing the manage requirements traceability process. You are tracking the requirements to determine how the requirements are interrelated with one another and with the actual delivery of the project scope. There are actually three reasons why the business analyst should trace requirements. Which one of the following is not one of the three reasons why trace requirements is useful?",
    "options": [
      "A. Impact analysis",
      "B. Requirements coverage",
      "C. Requirements allocation",
      "D. Quality control"
    ],
    "answer": "D",
    "explanation": "Quality control is not one of the three main reasons for requirements tracing. The three reasons are impact analysis, requirements coverage, and requirements allocation."
  },
  {
    "id": "me1_q072",
    "question": "Ned is the business analyst for the NHQ Company. He is working with Stan on completing the requirements prioritization of all the identified requirements. Why would Stan and Ned complete requirements prioritization?",
    "options": [
      "A. To determine which requirements should be completed first",
      "B. To determine which requirements should not be completed at all",
      "C. To determine which requirements carry the most risk",
      "D. To determine who created what requirement based on their position in the organization"
    ],
    "answer": "A",
    "explanation": "Requirements prioritization determines the order in which requirements should be implemented, focusing resources on the most important requirements first."
  },
  {
    "id": "me1_q073",
    "question": "You are the business analyst for your organization. You are coaching Tom about the different approaches to business analysis. Which type of business analysis approach has the most business analysis work at the beginning of the project or during the start of a project phase?",
    "options": [
      "A. Change-driven approach",
      "B. Value-driven approach",
      "C. Plan-driven approach",
      "D. Requirements-driven approach"
    ],
    "answer": "C",
    "explanation": "Plan-driven approaches front-load business analysis work, with extensive planning and requirements definition occurring at the beginning of the project."
  },
  {
    "id": "me1_q074",
    "question": "You are the business analyst for your organization. You are currently identifying opportunities for a customer to improve their business processes. The customer wants to streamline their business efforts either through new technologies, better processes, or a combination of both. The customer demands, however, that the solution should not cost more than $300,000 to implement and support for one year. What does the $300,000 represent?",
    "options": [
      "A. Solution cost",
      "B. Budget",
      "C. Requirements",
      "D. Constraint"
    ],
    "answer": "D",
    "explanation": "The $300,000 limit is a constraint that restricts the available solution options and must be considered in all solution alternatives."
  },
  {
    "id": "me1_q075",
    "question": "You are the business analyst for your organization and are with another business analyst, Steve, on the requirements elicitation for a new solution. You warn Steve that you'll need to be tracing the requirements in an effort to prevent scope creep. What is scope creep?",
    "options": [
      "A. The scope grows slightly larger as more requirements, often unneeded, are added to the scope",
      "B. The scope slips on the schedule which in turn delays the project delivery date",
      "C. Gold plating",
      "D. The scope shifts from the original intent of the business case"
    ],
    "answer": "A",
    "explanation": "Scope creep occurs when the project scope gradually expands through the addition of new requirements, often without proper change control."
  },
  {
    "id": "me1_q076",
    "question": "What element of the plan business analysis process affects the business analysis duties that need to be performed?",
    "options": [
      "A. The experience of the business analyst",
      "B. The experience of the project manager",
      "C. The expected completion date of the business analysis duties",
      "D. The type of project or initiative"
    ],
    "answer": "D",
    "explanation": "The type of project or initiative determines which business analysis activities are needed and how they should be performed."
  },
  {
    "id": "me1_q077",
    "question": "Holly's organization uses a plan-driven approach to business analysis. When it comes to communication in Holly's organization what type of communication will likely be required?",
    "options": [
      "A. Face-to-face",
      "B. Chain of command",
      "C. Formal",
      "D. Ad hoc"
    ],
    "answer": "C",
    "explanation": "Plan-driven approaches typically require formal communication methods with documented processes and structured information exchange."
  },
  {
    "id": "me1_q078",
    "question": "Henry is the business analyst for the UUH Organization. Currently Henry is working on several work products as part of the requirements development process. He may need to share these work products with the stakeholders. Which of the following is not an example of a work product?",
    "options": [
      "A. Requirements documentation",
      "B. Interview questions and notes",
      "C. Meeting agendas and minutes",
      "D. Presentation slides"
    ],
    "answer": "C",
    "explanation": "Meeting agendas and minutes are project management artifacts, not business analysis work products specifically related to requirements development."
  },
  {
    "id": "me1_q079",
    "question": "You are the business analyst for your organization. On your current project you'll be using the change-driven approach for defining requirements and gathering feedback. Which of the following statements best describes the change-driven approach?",
    "options": [
      "A. The change-driven approach favors defining requirements through experimentation.",
      "B. The change-driven approach does not define the requirements until after a solution for the problem has been identified.",
      "C. The change-driven approach favors defining requirements through standardized templates.",
      "D. The change-driven approach favors defining requirements through team interaction."
    ],
    "answer": "D",
    "explanation": "Change-driven approaches emphasize collaboration and team interaction for defining requirements, adapting to change through frequent stakeholder feedback."
  },
  {
    "id": "me1_q080",
    "question": "Jane is the business analyst for her organization and she is completing passive observation to identify improvement opportunities in the workflow. She notices that some of the employees perform certain customer-facing activities in a different format than the other workers. Is this a problem that can be addressed as part of an improvement opportunity?",
    "options": [
      "A. It can be a problem as customers could become confused or frustrated because of the different approaches to the work.",
      "B. It is not a problem unless there is a drop in sales so it should be left alone.",
      "C. It can be a problem as the enterprise environmental factors always call for consistency in all processes.",
      "D. It is not a problem unless the customer complains. If Jane has not noticed the customers complaining then the process should be left alone."
    ],
    "answer": "A",
    "explanation": "Inconsistent customer-facing processes can lead to customer confusion and frustration, representing a valid improvement opportunity to standardize approaches."
  },
  {
    "id": "me1_q081",
    "question": "You are the business analyst for your organization. A customer has approached your organization and is requesting that your company create new software for them that will help them collect customer information. In regard to enterprise analysis this business need stems from which one of the following need generation approaches?",
    "options": [
      "A. Bottom-up",
      "B. External drivers",
      "C. Middle management",
      "D. Top-down"
    ],
    "answer": "B",
    "explanation": "External drivers are business needs that originate from outside the organization, such as customer requests or market demands."
  },
  {
    "id": "me1_q082",
    "question": "You are creating the solution scope for a proposed solution in your organization. You need to understand the scope of work that needs to be completed. You elect to identify the solution scope and then break the solution scope into smaller work products or deliverables. What technique are you using in this instance?",
    "options": [
      "A. Interface analysis",
      "B. Scope modeling",
      "C. Vision statement creation",
      "D. Functional decomposition"
    ],
    "answer": "D",
    "explanation": "Functional decomposition breaks down the solution scope into smaller, manageable work products or deliverables for better understanding and management."
  },
  {
    "id": "me1_q083",
    "question": "You are the business analyst for a solution that has 435 stakeholders. How many communication channels exist in this project?",
    "options": ["A. 188,790", "B. 189,225", "C. 94,395", "D. 435"],
    "answer": "C",
    "explanation": "Communication channels = n(n-1)/2 where n is the number of stakeholders. 435(434)/2 = 94,395 communication channels."
  },
  {
    "id": "me1_q084",
    "question": "You are the business analyst for your organization and you are completing the verify requirements process. There are eight characteristics each requirement should have: cohesive, complete, consistent, correct, and feasible. Which one of the following four is not a characteristic of a requirement?",
    "options": [
      "A. Functional",
      "B. Modifiable",
      "C. Unambiguous",
      "D. Testable"
    ],
    "answer": "A",
    "explanation": "Functional is a type of requirement, not a characteristic of requirements. The characteristics include modifiable, unambiguous, and testable."
  },
  {
    "id": "me1_q085",
    "question": "You are the business analyst for your organization. You are preparing the business needs documentation for a new solution to an identified problem. Parts of your input for this process are the business goals and objectives set by your organization. What approach can you use to assess the business goal and their validity and longevity?",
    "options": [
      "A. Functional decomposition",
      "B. POLDAT",
      "C. SMART",
      "D. Root cause analysis"
    ],
    "answer": "C",
    "explanation": "SMART (Specific, Measurable, Achievable, Relevant, Time-bound) criteria help assess the validity and quality of business goals and objectives."
  },
  {
    "id": "me1_q086",
    "question": "You are the business analyst for your organization and are working on organizing the identified requirements for a new solution. Nancy, your assistant in this process, says that these requirements aren't very complex. You agree but add that it's this thing that makes the overall solution complex. What thing adds to the level of complexity among requirements?",
    "options": [
      "A. Relationships among the requirements",
      "B. Management in the project",
      "C. Stakeholders in the project",
      "D. Cost and schedule constraints"
    ],
    "answer": "A",
    "explanation": "The relationships and dependencies among requirements create complexity in the overall solution, even when individual requirements are simple."
  },
  {
    "id": "me1_q087",
    "question": "Which of the following is an estimate based on past projects to predict the current cost and/or duration of the current project?",
    "options": [
      "A. Current estimate",
      "B. Past project cost",
      "C. Past estimate",
      "D. Top-down estimate"
    ],
    "answer": "D",
    "explanation": "Top-down estimates use historical data from past projects to predict costs and duration for current projects by applying patterns and ratios."
  },
  {
    "id": "me1_q088",
    "question": "You are the business analyst for a large project for your organization. Your project has 65 stakeholders and this will greatly increase the complexity of the communication in this project. To demonstrate how complex this project and its communication will be, you show the management the number of communication channels in this project. How many channels exist in this project based on the number of stakeholders?",
    "options": ["A. 2080", "B. 4160", "C. 4225", "D. 65"],
    "answer": "A",
    "explanation": "Communication channels = n(n-1)/2 where n=65. 65(64)/2 = 2080 communication channels."
  },
  {
    "id": "me1_q089",
    "question": "You are creating a model for your requirements. Which model type categorizes and describes the people who directly interact with a solution?",
    "options": [
      "A. Rules",
      "B. User classes, profiles, or roles",
      "C. Concepts and relationships",
      "D. Events"
    ],
    "answer": "B",
    "explanation": "User classes, profiles, or roles models categorize and describe the different types of people who will directly interact with the solution."
  },
  {
    "id": "me1_q090",
    "question": "When is stakeholder analysis performed?",
    "options": [
      "A. As soon as the project charter is created.",
      "B. As soon as the project sponsor is named.",
      "C. As soon as a business need is identified.",
      "D. As soon as a business solution is identified."
    ],
    "answer": "C",
    "explanation": "Stakeholder analysis should be performed as soon as a business need is identified to ensure all relevant parties are engaged from the beginning."
  },
  {
    "id": "me1_q091",
    "question": "You are preparing a business case for your organization to determine the justification of the costs of the solution in relation to benefits the solutions will bring the organization. You need four inputs to complete this process. Which one of the following is not an input that will help you write the business case?",
    "options": [
      "A. Feasibility study",
      "B. Stakeholder concerns",
      "C. Assumptions and constraints",
      "D. Business need"
    ],
    "answer": "B",
    "explanation": "Stakeholder concerns are not a direct input to the business case. The key inputs are feasibility study, assumptions and constraints, and business need."
  },
  {
    "id": "me1_q092",
    "question": "You are the business analyst for the YGT Organization. You have just completed a capabilities gap assessment and have determined that your organization does not have the necessary resources and technology to seize a business opportunity. What is the most likely course of action for the organization?",
    "options": [
      "A. Hire additional resources.",
      "B. Launch a new project.",
      "C. Hire contractors to complete the project work.",
      "D. Move onto the next opportunity."
    ],
    "answer": "B",
    "explanation": "When capability gaps are identified, the most likely response is to launch a project to develop or acquire the necessary capabilities."
  },
  {
    "id": "me1_q093",
    "question": "What plan includes the description of the scope of work, the deliverable Work Breakdown Structure, the activity list, and estimates for the business analysis activities?",
    "options": [
      "A. Project management plan",
      "B. Implementation plan",
      "C. Requirements management plan",
      "D. Business analysis plan"
    ],
    "answer": "D",
    "explanation": "The business analysis plan includes scope of work, deliverables, activities, and estimates specifically for business analysis activities."
  },
  {
    "id": "me1_q094",
    "question": "You are the business analyst for your organization and are coaching Roberta on how business analysis works. Roberta is confused about what a business analysis methodology is during the business analysis planning and monitoring phase of the business analysis duties. What is a methodology?",
    "options": [
      "A. A methodology is a formalized and repeatable business analysis approach.",
      "B. A methodology is a short term endeavor to create a unique product or service.",
      "C. A methodology is an approach that the business analyst believes will work but it has not been proven to work yet in the business analysis domain.",
      "D. A methodology is a formalized plan that describes how the business analyst will complete the elicitation of requirements."
    ],
    "answer": "A",
    "explanation": "A methodology is a formalized, structured, and repeatable approach to conducting business analysis activities."
  },
  {
    "id": "me1_q095",
    "question": "Your organization completes software development for other companies as its core business. Management would like to streamline the requirements gathering processes as many of the projects your company do are similar in nature. What approach could you as a business analyst do to help streamline the requirements gathering process for your organization?",
    "options": [
      "A. Implement a requirements re-use repository",
      "B. Implement project templates",
      "C. Implement a requirements gathering form",
      "D. Implement scope solution models"
    ],
    "answer": "A",
    "explanation": "A requirements re-use repository allows organizations to leverage previously identified requirements for similar projects, streamlining the process."
  },
  {
    "id": "me1_q096",
    "question": "You are coaching Marcy, a new business analyst for your organization, on business analysis processes. Marcy is concerned about the define solution scope process, especially the implementation approach element. Which of the following statements best defines the implementation approach element for Marcy?",
    "options": [
      "A. The implementation approach is described in terms of the major features and functions that are to be included.",
      "B. The implementation approach defines major business and technical dependencies that impose constraints to the effort to deploy the solution.",
      "C. The implementation approach describes the new capabilities required to meet the business need.",
      "D. The implementation approach describes how the chosen solution approach will deliver the solution scope."
    ],
    "answer": "D",
    "explanation": "The implementation approach describes the strategy and method for delivering the solution scope using the chosen solution approach."
  },
  {
    "id": "me1_q097",
    "question": "You are the business analyst for your organization. Management has asked that in the business case you're creating that you also include the projected costs and benefits to be realized and how those benefits will be assessed and evaluated. What term matches management's request?",
    "options": [
      "A. Cost-benefits justification",
      "B. Risk assessment",
      "C. SWOT analysis",
      "D. Results measurements"
    ],
    "answer": "A",
    "explanation": "Cost-benefits justification includes projected costs, benefits, and methods for assessing and evaluating those benefits to justify the investment."
  },
  {
    "id": "me1_q098",
    "question": "Gary is the business analyst for his organization. He has realized that he has overlooked a key group of stakeholders during the conduct stakeholder analysis process. What is the danger in overlooking a key set of stakeholders?",
    "options": [
      "A. The newly identified stakeholders will now have to pay for any requirements they want to add to the requirements.",
      "B. The newly identified stakeholders will need to spend extra time to learn about the project and how it will affect them.",
      "C. The newly identified stakeholders will be excluded from decisions that affect the deliverables that have already been created in the project.",
      "D. The newly identified stakeholders may have requirements that require additions to the project or may nullify other requirements already in the project."
    ],
    "answer": "D",
    "explanation": "Overlooked stakeholders may have critical requirements that weren't considered, potentially requiring significant changes to the project or invalidating existing requirements."
  },
  {
    "id": "me1_q099",
    "question": "Rachel is writing the business case for her organization. As she's completing this process Rachel is concerned that she's including all the correct information for management. Which one of the following should Rachel not include in her business case?",
    "options": [
      "A. Time to break even",
      "B. Opportunities to prioritize requirements",
      "C. Follow-on opportunities",
      "D. Qualitative and quantitative benefits"
    ],
    "answer": "B",
    "explanation": "Requirements prioritization opportunities are not typically included in business cases, which focus on justifying the investment rather than implementation details."
  },
  {
    "id": "me1_q100",
    "question": "Your organization uses the MoSCoW approach to requirements prioritization. What does MoSCoW mean?",
    "options": [
      "A. Must, Should, Could, Would",
      "B. Must, Should, Could, Won't",
      "C. Mission, Schedule, Cost, Willingness",
      "D. Must not, Should not, Could not, Will not"
    ],
    "answer": "B",
    "explanation": "MoSCoW stands for Must have, Should have, Could have, and Won't have - a prioritization technique for requirements."
  },
  {
    "id": "me1_q101",
    "question": "What business analysis plan defines the process to be followed in managing the solution scope and requirements?",
    "options": [
      "A. Requirements management plan",
      "B. Scope management plan",
      "C. Change management plan",
      "D. Project management plan"
    ],
    "answer": "A",
    "explanation": "The requirements management plan defines the processes, procedures, and controls for managing solution scope and requirements throughout the project lifecycle."
  },
  {
    "id": "me1_q102",
    "question": "Which of the following is a narrative description of the work required for the project?",
    "options": [
      "A. Contract work breakdown structure (CWBS)",
      "B. Work breakdown structure (WBS)",
      "C. Contract statement of work (CSOW)",
      "D. Statement of work (SOW)"
    ],
    "answer": "D",
    "explanation": "A Statement of Work (SOW) provides a narrative description of the work required for the project, including deliverables, timeline, and scope."
  },
  {
    "id": "me1_q103",
    "question": "The requirements elicitation process requires that the business analyst and team prepare for the requirements elicitation activities. There are three specific inputs that the business analyst will need in preparing for the requirements elicitation. Which of the following is NOT one of the three inputs the business analyst will use as he prepares for requirements elicitation?",
    "options": [
      "A. Solution scope",
      "B. Change request",
      "C. Business need",
      "D. Stakeholder list"
    ],
    "answer": "B",
    "explanation": "Change requests are not an input for preparing requirements elicitation. The three key inputs are solution scope, business need, and stakeholder list."
  },
  {
    "id": "me1_q104",
    "question": "Mark is the business analyst for his organization. He is working with the solution development team and he believes that the team does not want to implement a certain portion of the requirements. The team is expressing the difficulty of the requirements and how it will be extremely challenging to complete. When Mark asks about a similar project that the team completed, they insist that this is a different type of requirements though Mark believes that it is not. What is the solution development team appearing to do to the requirements?",
    "options": [
      "A. Change the prioritization of the requirements based on the past project.",
      "B. Change the prioritization of the requirements based on overstated complexity of the project work.",
      "C. Get the requirements removed from the project scope.",
      "D. Have the business analyst report the difficulty of the project work to the project customer."
    ],
    "answer": "B",
    "explanation": "The development team appears to be overstating the complexity of the requirements to influence their prioritization, potentially to avoid implementing them."
  },
  {
    "id": "me1_q105",
    "question": "You are the business analyst for your organization. You are currently working with Susan on creating a model as part of the specify and model requirements process. Susan doesn't understand why you need a model. You explain to Susan that a model is just a simplified representation of a complex reality that is useful for understanding that reality and making decisions regarding it. In fact, you tell Susan, model can do all of the following except one option. Choose the option that model cannot do?",
    "options": [
      "A. Define the resources that will be needed on the project team",
      "B. Define boundaries for the business domain",
      "C. Describe a situation or problem",
      "D. Describe thought processes and action flows"
    ],
    "answer": "A",
    "explanation": "Models are used to represent business domains, problems, and processes, but they do not define project team resource requirements, which is a project management function."
  },
  {
    "id": "me1_q106",
    "question": "Management would like you to front-load the requirements with the most risk requirements. Why would management prefer the risky requirements first in the prioritization?",
    "options": [
      "A. So if the risk comes true the project will fail with little investment in the work.",
      "B. So if the risk comes true then the project manager can mitigate the risk event.",
      "C. So if the risk comes true they'll receive the reward as soon as possible.",
      "D. So if the risk comes true then there's ample time to correct the problem."
    ],
    "answer": "A",
    "explanation": "Front-loading risky requirements means if the risks materialize and cause project failure, it happens early with minimal investment, reducing overall loss."
  },
  {
    "id": "me1_q107",
    "question": "You are the business analyst for your organization and are working with Sally, a project manager, for your organization. You and Sally are determining the cost of the labor, materials, equipment, and facilities in order to achieve the different solutions that have been proposed for an identified problem. What is this process called?",
    "options": [
      "A. Cost budgeting",
      "B. Expert judgment",
      "C. Rough order of magnitude cost estimating",
      "D. Scoping the project costs"
    ],
    "answer": "C",
    "explanation": "Rough order of magnitude (ROM) cost estimating provides early, high-level estimates for labor, materials, equipment, and facilities for proposed solutions."
  },
  {
    "id": "me1_q108",
    "question": "Your organization needs to adapt to the change economy, new technologies, and an increase in competition in order to survive. They've asked you to complete a business analysis approach that will help them change their organizational policies in order to achieve their goals and objectives. What business analysis technique has this organization asked you to complete?",
    "options": [
      "A. Focus groups",
      "B. Business rules analysis",
      "C. Brainstorming",
      "D. Root cause analysis"
    ],
    "answer": "B",
    "explanation": "Business rules analysis examines and helps change organizational policies, procedures, and business rules to support organizational goals and objectives."
  },
  {
    "id": "me1_q109",
    "question": "Martha is observing Gary complete several activities as part of her requirements elicitation process. Martha is simply observing the steps Gary takes to complete his work and she is taking notes. In this instance Martha does not ask Gary any questions. What type of observation technique is Martha completing?",
    "options": [
      "A. Shadowing",
      "B. Active",
      "C. Passive",
      "D. Usage consideration"
    ],
    "answer": "C",
    "explanation": "Passive observation involves watching and taking notes without interacting or asking questions, unlike active observation which involves participant interaction."
  },
  {
    "id": "me1_q110",
    "question": "You are the business analyst for your organization. You are currently writing the business goals and objectives as part of the elements for the define business process. Which one of the following statements best describes the business goals and objectives element?",
    "options": [
      "A. They describe the processes the solution will need to improve for the project to be successful.",
      "B. They describe all of the positive benefits in ratio to the risk and costs of the project.",
      "C. They describe all of the required work the project will need to complete in order to reach its objectives.",
      "D. They describe the ends that the organization is seeking to achieve."
    ],
    "answer": "D",
    "explanation": "Business goals and objectives describe the desired outcomes or ends that the organization is seeking to achieve through the business analysis effort."
  },
  {
    "id": "me1_q111",
    "question": "There are four inputs to the plan business analysis activities. Which one of the following is not an input to the plan business analysis activities process?",
    "options": [
      "A. List of identified risks",
      "B. Organizational process assets",
      "C. Business analysis approach",
      "D. Stakeholder list, roles, and responsibilities"
    ],
    "answer": "A",
    "explanation": "The list of identified risks is not an input to planning business analysis activities. The main inputs are organizational process assets, business analysis approach, and stakeholder information."
  },
  {
    "id": "me1_q112",
    "question": "You are currently working on creating the activity list for an initiative in your organization. What characteristic must be assigned to each task in your task list?",
    "options": [
      "A. Procurement needs",
      "B. Roles and responsibilities",
      "C. Unique number",
      "D. Risk level"
    ],
    "answer": "C",
    "explanation": "Each task in an activity list must have a unique identifier or number to distinguish it from other tasks and enable proper tracking and management."
  },
  {
    "id": "me1_q113",
    "question": "You are working with Tom, a key stakeholder, in your business analysis duties. Tom is asking you about the desired outcome for current business opportunity. Which one of the following is NOT an example of a desired outcome?",
    "options": [
      "A. Implement new machinery to complete the work processes faster",
      "B. Increase sales",
      "C. Reduce costs",
      "D. Reduce time to deliver a product or service"
    ],
    "answer": "A",
    "explanation": "Implementing new machinery is a solution or method, not a desired outcome. The outcomes are increased sales, reduced costs, and faster delivery times."
  },
  {
    "id": "me1_q114",
    "question": "You are the business analyst for your organization. You are identifying new opportunities to improve upon your existing web services. Management is open to new opportunities as long as the changes do not take more than 60 days to implement. What type of a factor does the 60 day implementation represent?",
    "options": [
      "A. Technical constraint",
      "B. Schedule constraint",
      "C. Business constraint",
      "D. Assumption"
    ],
    "answer": "C",
    "explanation": "The 60-day implementation limit is a business constraint imposed by management based on business needs and priorities, not technical limitations."
  },
  {
    "id": "me1_q115",
    "question": "You are the business analyst for your organization and are working on a solution that will connect several databases to a web application. You are concerned that the databases may not be operable with the software solution a programmer is recommending. What requirements elicitation technique can help you determine the interoperability of the software, the databases, and the web application?",
    "options": [
      "A. Benchmarking",
      "B. Interviews",
      "C. Interface analysis",
      "D. Usage considerations"
    ],
    "answer": "C",
    "explanation": "Interface analysis specifically examines how different systems, components, or applications interact and integrate with each other, including interoperability concerns."
  },
  {
    "id": "me1_q116",
    "question": "You have completed the requirements documentation and the stakeholders have signed off on the requirements. Now the requirements are advancing into a project as your organization has chartered a project based on the identified requirements. What stakeholder is now responsible for assessing the solution scope to determine the project scope?",
    "options": [
      "A. Project sponsor",
      "B. Project manager",
      "C. Business analyst",
      "D. Key stakeholders"
    ],
    "answer": "B",
    "explanation": "The project manager is responsible for assessing the solution scope and determining the project scope, including what work needs to be done to deliver the solution."
  },
  {
    "id": "me1_q117",
    "question": "You are the business analyst for your organization and are working on prioritizing requirements. What plan should guide you through this process?",
    "options": [
      "A. Risk management plan",
      "B. Project management plan",
      "C. Requirements management plan",
      "D. Scope management plan"
    ],
    "answer": "C",
    "explanation": "The requirements management plan defines how requirements will be prioritized, including the criteria, methods, and stakeholders involved in the prioritization process."
  },
  {
    "id": "me1_q118",
    "question": "You are the business analyst for a large project that will create new software for the entire organization. This new software will affect all of the administrative assistants in the organization to schedule meetings, reserve facilities, and share calendars. There are approximately 2,400 administrative assistants in your organization and not all of these people can attend requirements gathering workshops. What approach can you use to manage and gather requirements from these 2,400 administrative assistants?",
    "options": [
      "A. You can meet with a small group of administrative assistants and assume their requirements are reflective of the remaining group of administrative assistants.",
      "B. You will need to meet with all of the administrative assistants as part of requirements elicitation.",
      "C. You can meet with a small group of administrative assistants that will serve as representatives for the remaining administrative assistants.",
      "D. You can meet with the administrative assistants' managers."
    ],
    "answer": "C",
    "explanation": "Using representative stakeholders from each user group is an effective approach for gathering requirements from large populations while ensuring proper representation."
  },
  {
    "id": "me1_q119",
    "question": "Enterprise analysis provides many things for an organization. All of the following are tasks included in enterprise analysis except for which one?",
    "options": [
      "A. Determine solution approach",
      "B. Define business need",
      "C. Assess capability gaps",
      "D. Solution performance assessment"
    ],
    "answer": "D",
    "explanation": "Solution performance assessment is part of solution evaluation, not enterprise analysis. Enterprise analysis focuses on business needs, capability gaps, and solution approaches."
  },
  {
    "id": "me1_q120",
    "question": "Gina has been asked to provide decision analysis for her solution scope. Which one of the following best describes the decision analysis technique?",
    "options": [
      "A. Assessed to support benefit management, measurement, and reporting.",
      "B. Used to assess potential risks that may impact the solution and the cost and benefits associated with it.",
      "C. Forecasts the size of the investment required to deploy and operate the proposed solution.",
      "D. Cost-benefit analysis compares the cost of implementing a solution against the benefits gained. Financial analysis includes the use of financial models that estimate the market value of an organizational asset."
    ],
    "answer": "D",
    "explanation": "Decision analysis includes cost-benefit analysis and financial analysis, comparing implementation costs against benefits and using financial models for valuation."
  }
]
