[
  {
    "id": "me3_q001",
    "question": "Question #291",
    "options": [
      "A. Modify the solution to comply with the policies",
      "B. Identify an assumption about future state value",
      "C. Model two future states, one with and another without these policies",
      "D. Obtain approval to change the policies"
    ],
    "answer": "C",
    "explanation": ""
  },
  {
    "id": "me3_q002",
    "question": "Question #292",
    "options": [
      "A. Negotiation",
      "B. Grouping",
      "C. Time Boxing",
      "D. Budgeting"
    ],
    "answer": "C",
    "explanation": ""
  },
  {
    "id": "me3_q003",
    "question": "Question #293",
    "options": [
      "A. Elicitation Activity Plan",
      "B. Collaborative Games",
      "C. Stakeholder List",
      "D. Risk Analysis and Management"
    ],
    "answer": "B",
    "explanation": ""
  },
  {
    "id": "me3_q004",
    "question": "Question #294",
    "options": [
      "A. An unstructured approach utilizing informal team interaction, model-driven documentation standards, and iterative requirements development",
      "B. An agile approach with frequent team interaction, adaptive documentation standards, and iterative requirements development",
      "C. A moderate approach utilizing the bank's existing waterfall project lifecycle and documentation deliverables not requiring formal approval",
      "D. A formal approach with planned team interaction, agreed upon documentation deliverables requiring formal approval, and front-loaded requirements development"
    ],
    "answer": "B",
    "explanation": ""
  },
  {
    "id": "me3_q005",
    "question": "Question #295",
    "options": [
      "A. Update the solution design",
      "B. Re-evaluate the future state",
      "C. Change the solution scope",
      "D. Eliminate the requirement"
    ],
    "answer": "D",
    "explanation": ""
  },
  {
    "id": "me3_q006",
    "question": "Question #296",
    "options": [
      "A. Dough preparation",
      "B. Toppings preparation",
      "C. Topping recipes",
      "D. Ad images"
    ],
    "answer": "A",
    "explanation": ""
  },
  {
    "id": "me3_q007",
    "question": "Question #297",
    "options": [
      "A. Sponsor",
      "B. End user",
      "C. Project manager",
      "D. Subject matter expert"
    ],
    "answer": "C",
    "explanation": ""
  },
  {
    "id": "me3_q008",
    "question": "Question #298",
    "options": [
      "A. Legal Regulatory Information",
      "B. Architectural Repositories",
      "C. Information Management Approach",
      "D. Business Rules Analysis"
    ],
    "answer": "C",
    "explanation": ""
  },
  {
    "id": "me3_q009",
    "question": "Question #299",
    "options": [
      "A. Priority set by stakeholders",
      "B. Available resources",
      "C. Timing of the release and its impact on business",
      "D. Components in scope for that release"
    ],
    "answer": "D",
    "explanation": ""
  },
  {
    "id": "me3_q010",
    "question": "Question #300",
    "options": ["A. Validate", "B. Derive", "C. Necessity", "D. Satisfy"],
    "answer": "C",
    "explanation": ""
  },
  {
    "id": "me3_q011",
    "question": "Question #301",
    "options": [
      "A. Identify performance measures",
      "B. Define the future state capabilities",
      "C. Categorize risks factors",
      "D. Select the stakeholder engagement approach"
    ],
    "answer": "B",
    "explanation": ""
  },
  {
    "id": "me3_q012",
    "question": "Question #302",
    "options": [
      "A. Measure the value of the other requirements against the penalty of not meeting the regulatory requirement",
      "B. Compare the regulatory requirement to the recommended solution",
      "C. Determine a means to work around the regulatory requirement",
      "D. Inform the stakeholders that the regulatory requirement takes precedence over other requirements"
    ],
    "answer": "D",
    "explanation": ""
  },
  {
    "id": "me3_q013",
    "question": "Question #303",
    "options": [
      "A. Stakeholder tasks",
      "B. Business needs",
      "C. Organizational functions",
      "D. Solution components"
    ],
    "answer": "B",
    "explanation": ""
  },
  {
    "id": "me3_q014",
    "question": "Question #304",
    "options": [
      "A. Create a survey applicable for the stakeholders in domain 2.",
      "B. Produce an estimation applicable for the stakeholders in domain 2.",
      "C. Present a model applicable for the stakeholders in domain 2.",
      "D. Develop a backlog applicable for the stakeholders in domain 2."
    ],
    "answer": "C",
    "explanation": ""
  },
  {
    "id": "me3_q015",
    "question": "Question #305",
    "options": [
      "A. Metrics and Key Performance Indicators (KPIs)",
      "B. Frequency and Timing",
      "C. Financial Analysis",
      "D. Benchmarking and Market Analysis"
    ],
    "answer": "A",
    "explanation": ""
  },
  {
    "id": "me3_q016",
    "question": "Question #306",
    "options": [
      "A. Requirements are not allocated to solution components",
      "B. Too many approaches are dividing the team",
      "C. Business needs are unclear to the team",
      "D. Requirements and design options are not detailed enough"
    ],
    "answer": "C",
    "explanation": ""
  },
  {
    "id": "me3_q017",
    "question": "Question #307",
    "options": [
      "A. Lessons learned",
      "B. Team restructure",
      "C. Weekly meetings",
      "D. Team building"
    ],
    "answer": "A",
    "explanation": ""
  },
  {
    "id": "me3_q018",
    "question": "Question #308",
    "options": [
      "A. benefits, penalties, and costs.",
      "B. strategy, solution, and scope.",
      "C. impacts, problems, and dependencies.",
      "D. performance, trends, and variances."
    ],
    "answer": "D",
    "explanation": ""
  },
  {
    "id": "me3_q019",
    "question": "Question #309",
    "options": ["A. Loading", "B. Packaging", "C. Sorting", "D. Printing"],
    "answer": "C",
    "explanation": ""
  },
  {
    "id": "me3_q020",
    "question": "Question #310",
    "options": [
      "A. Risk Analysis and Management",
      "B. Root Cause Analysis",
      "C. Solution Performance Analysis",
      "D. Solution Scope"
    ],
    "answer": "A",
    "explanation": ""
  },
  {
    "id": "me3_q021",
    "question": "Question #311",
    "options": [
      "A. Operational assessment",
      "B. Organizational structure",
      "C. Stakeholder impact analysis",
      "D. Stakeholder location"
    ],
    "answer": "C",
    "explanation": ""
  },
  {
    "id": "me3_q022",
    "question": "Question #312",
    "options": [
      "A. Collaboration skills of BA",
      "B. Solution design",
      "C. Timing and frequency of collaboration",
      "D. Business governance plan"
    ],
    "answer": "C",
    "explanation": ""
  },
  {
    "id": "me3_q023",
    "question": "Question #313",
    "options": [
      "A. Risk Analysis and Management",
      "B. Metrics and Key Performance Indicators",
      "C. Data Modeling",
      "D. Document Analysis"
    ],
    "answer": "A",
    "explanation": ""
  },
  {
    "id": "me3_q024",
    "question": "Question #314",
    "options": [
      "A. Information management approach",
      "B. Business analysis plan",
      "C. Elicitation activity plan",
      "D. Business analysis approach"
    ],
    "answer": "C",
    "explanation": ""
  },
  {
    "id": "me3_q025",
    "question": "Question #315",
    "options": [
      "A. Create a business model canvas to outline business needs",
      "B. Deploy a new system across the companies",
      "C. Enhance access to the relevant information",
      "D. Develop a repository of information from each company"
    ],
    "answer": "C",
    "explanation": ""
  },
  {
    "id": "me3_q026",
    "question": "Question #316",
    "options": ["A. Process", "B. Sequence", "C. Activity", "D. Context"],
    "answer": "D",
    "explanation": ""
  },
  {
    "id": "me3_q027",
    "question": "Question #317",
    "options": [
      "A. Identify business requirements",
      "B. Identify future state conditions",
      "C. Recommend an off the shelf product",
      "D. Complete an enterprise readiness assessment"
    ],
    "answer": "A",
    "explanation": ""
  },
  {
    "id": "me3_q028",
    "question": "Question #318",
    "options": [
      "A. A team member has left the project and is being replaced",
      "B. A new initial public offering in the stock market is introduced",
      "C. Further dependencies among solution components are uncovered",
      "D. Number of reported quality defects is growing through phases"
    ],
    "answer": "C",
    "explanation": ""
  },
  {
    "id": "me3_q029",
    "question": "Question #319",
    "options": [
      "A. Record the concerns in the risk register",
      "B. Schedule a formal review with the stakeholders",
      "C. Demonstrate traceability to the business case",
      "D. Review the final approved elicitation results"
    ],
    "answer": "B",
    "explanation": ""
  },
  {
    "id": "me3_q030",
    "question": "Question #320",
    "options": [
      "A. Roles and Permissions Matrix",
      "B. Organizational Model",
      "C. Future State Description",
      "D. Information Architecture"
    ],
    "answer": "D",
    "explanation": ""
  },
  {
    "id": "me3_q031",
    "question": "Question #321",
    "options": [
      "A. Balanced scorecard",
      "B. Decision analysis",
      "C. Vendor assessment",
      "D. Process analysis"
    ],
    "answer": "C",
    "explanation": ""
  },
  {
    "id": "me3_q032",
    "question": "Question #322",
    "options": [
      "A. Market analysis",
      "B. Focus group",
      "C. Survey",
      "D. Cost benefit analysis"
    ],
    "answer": "C",
    "explanation": ""
  },
  {
    "id": "me3_q033",
    "question": "Question #323",
    "options": [
      "A. Influence = 3 and impact = 3",
      "B. Influence = 1 and impact = 3",
      "C. Influence = 3 and impact = 1",
      "D. Influence = 5 and impact = 5"
    ],
    "answer": "D",
    "explanation": ""
  },
  {
    "id": "me3_q034",
    "question": "Question #324",
    "options": [
      "A. Identify a few key stakeholders to resolve the conflicts",
      "B. Set up additional activities to collaboratively resolve the issues",
      "C. Remove requirements that cause differences",
      "D. Weight the results from the observation because it is more reliable"
    ],
    "answer": "B",
    "explanation": ""
  },
  {
    "id": "me3_q035",
    "question": "Question #325",
    "options": [
      "A. change strategy.",
      "B. requirements prioritization.",
      "C. elicitation scope.",
      "D. enterprise architecture."
    ],
    "answer": "C",
    "explanation": ""
  },
  {
    "id": "me3_q036",
    "question": "Question #326",
    "options": [
      "A. The competency of individual stakeholders",
      "B. The format of the requirements",
      "C. The types of diagrams produced",
      "D. The level of decomposition needed"
    ],
    "answer": "D",
    "explanation": ""
  },
  {
    "id": "me3_q037",
    "question": "Question #327",
    "options": [
      "A. The requirements are interpreted differently by each stakeholder.",
      "B. The requirements are incorrectly traced.",
      "C. The approval authority for the solution is unclear.",
      "D. More solution alternatives need to be generated."
    ],
    "answer": "A",
    "explanation": ""
  },
  {
    "id": "me3_q038",
    "question": "Question #328",
    "options": [
      "A. Personal accountability, time management, demonstrated trustworthiness",
      "B. Negotiation, conflict resolution, effective communication",
      "C. Industry knowledge, solution knowledge, organization knowledge",
      "D. Learning, creative thinking, problem solving"
    ],
    "answer": "B",
    "explanation": ""
  },
  {
    "id": "me3_q039",
    "question": "Question #329",
    "options": [
      "A. are traceable to their source stakeholders.",
      "B. are articulated from the enterprise perspective.",
      "C. describe the potential solutions that they will satisfy.",
      "D. have minimal risk associated with them."
    ],
    "answer": "B",
    "explanation": ""
  },
  {
    "id": "me3_q040",
    "question": "Question #330",
    "options": ["A. Diagrams", "B. Graphics", "C. Matrices", "D. Prototype"],
    "answer": "A",
    "explanation": ""
  },
  {
    "id": "me3_q041",
    "question": "Question #331",
    "options": [
      "A. Reporting needs",
      "B. Manager ratios",
      "C. Informal relationships",
      "D. Structural complexity"
    ],
    "answer": "D",
    "explanation": ""
  },
  {
    "id": "me3_q042",
    "question": "Question #332",
    "options": [
      "A. Make the requirement a lower priority to minimize unanticipated rework and wasted effort",
      "B. Set the requirements at a high priority to adhere to the SME's point of view",
      "C. Remove the requirement from the project",
      "D. Leave priority unfilled for these requirements"
    ],
    "answer": "D",
    "explanation": ""
  },
  {
    "id": "me3_q043",
    "question": "Question #333",
    "options": ["A. 44%", "B. 73%", "C. 40%", "D. 51%"],
    "answer": "B",
    "explanation": ""
  },
  {
    "id": "me3_q044",
    "question": "Question #334",
    "options": [
      "A. Engagement",
      "B. Preventive",
      "C. Corrective",
      "D. Improvement"
    ],
    "answer": "C",
    "explanation": ""
  },
  {
    "id": "me3_q045",
    "question": "Question #335",
    "options": [
      "A. Create a business case",
      "B. Produce an organizational model",
      "C. Define the change strategy",
      "D. Validate the cost savings"
    ],
    "answer": "C",
    "explanation": ""
  },
  {
    "id": "me3_q046",
    "question": "Question #336",
    "options": [
      "A. Survey",
      "B. Decision analysis",
      "C. Observation",
      "D. Concept modelling"
    ],
    "answer": "A",
    "explanation": ""
  },
  {
    "id": "me3_q047",
    "question": "Question #337",
    "options": [
      "A. Risk analysis and management",
      "B. Brainstorming",
      "D. Lessons learned"
    ],
    "answer": "D",
    "explanation": ""
  },
  {
    "id": "me3_q048",
    "question": "Question #338",
    "options": [
      "A. Data Dictionary",
      "B. Constraint",
      "C. Dependencies",
      "D. Risk"
    ],
    "answer": "C",
    "explanation": ""
  },
  {
    "id": "me3_q049",
    "question": "Question #339",
    "options": [
      "A. Item Tracking",
      "B. Observation",
      "C. Prototyping",
      "D. Mind Mapping"
    ],
    "answer": "D",
    "explanation": ""
  },
  {
    "id": "me3_q050",
    "question": "Question #340",
    "options": [
      "A. Measurability of customer satisfaction",
      "B. Cost of implementation",
      "C. Alignment with solution scope",
      "D. Time to market"
    ],
    "answer": "A",
    "explanation": ""
  },
  {
    "id": "me3_q051",
    "question": "Question #351",
    "options": [
      "A. Current state and stakeholder needs",
      "B. Solution assessment results",
      "C. Strengths, weaknesses, and threats",
      "D. Balanced scorecard"
    ],
    "answer": "A",
    "explanation": ""
  },
  {
    "id": "me3_q052",
    "question": "Question #352",
    "options": [
      "A. Stakeholder",
      "B. Enterprise",
      "C. Organizational",
      "D. Operational"
    ],
    "answer": "D",
    "explanation": ""
  },
  {
    "id": "me3_q053",
    "question": "Question #353",
    "options": ["A. Gap", "B. Financial", "C. Requirements", "D. Risk"],
    "answer": "D",
    "explanation": ""
  },
  {
    "id": "me3_q054",
    "question": "Question #354",
    "options": [
      "A. Define requirements architecture",
      "B. Elicit requirements again",
      "C. Evaluate requirement changes",
      "D. Trace requirements"
    ],
    "answer": "D",
    "explanation": ""
  },
  {
    "id": "me3_q055",
    "question": "Question #355",
    "options": [
      "A. Data Modeling",
      "B. Business Case",
      "C. Item Tracking",
      "D. Process Analysis"
    ],
    "answer": "D",
    "explanation": ""
  },
  {
    "id": "me3_q056",
    "question": "Question #356",
    "options": [
      "A. Develop new performance metrics",
      "B. Complete a decision analysis",
      "C. Perform a root cause analysis",
      "D. Re-analyze the current performance metrics"
    ],
    "answer": "C",
    "explanation": ""
  },
  {
    "id": "me3_q057",
    "question": "Question #357",
    "options": ["A. Future state", "B. Assets", "C. Scope", "D. Risk register"],
    "answer": "C",
    "explanation": ""
  },
  {
    "id": "me3_q058",
    "question": "Question #358",
    "options": [
      "A. Reference specific departments in the requirements for the seasonal products",
      "B. Reference specific departments in the requirements for the established products",
      "C. Use a high level of abstraction for the seasonal products to make them less subject to revision during a change",
      "D. Use a high level of abstraction for the established products to make them less subject to revision during a change"
    ],
    "answer": "D",
    "explanation": ""
  },
  {
    "id": "me3_q059",
    "question": "Question #359",
    "options": [
      "A. Stakeholder Engagement",
      "B. Information Management",
      "C. Business Analysis",
      "D. Governance"
    ],
    "answer": "B",
    "explanation": ""
  },
  {
    "id": "me3_q060",
    "question": "Question #360",
    "options": [
      "A. Use template architecture",
      "B. Develop the solution scope",
      "C. Accommodate requirement viewpoints",
      "D. Ensure completeness"
    ],
    "answer": "D",
    "explanation": ""
  },
  {
    "id": "me3_q061",
    "question": "Question #361",
    "options": [
      "A. Timing of business analysis work",
      "B. Conflict and issue management",
      "C. Technology and infrastructure",
      "D. Solution scope"
    ],
    "answer": "A",
    "explanation": ""
  },
  {
    "id": "me3_q062",
    "question": "Question #362",
    "options": [
      "A. Operational assessment",
      "B. Potential value",
      "C. Solution performance analysis",
      "D. Organizational structure"
    ],
    "answer": "C",
    "explanation": ""
  },
  {
    "id": "me3_q063",
    "question": "Question #363",
    "options": [
      "A. Data-centric",
      "B. Capability-centric",
      "C. Process-centric",
      "D. People-centric"
    ],
    "answer": "A",
    "explanation": ""
  },
  {
    "id": "me3_q064",
    "question": "Question #364",
    "options": [
      "A. Experiment",
      "B. Collaborative",
      "C. Estimation",
      "D. Research"
    ],
    "answer": "B",
    "explanation": ""
  },
  {
    "id": "me3_q065",
    "question": "Question #365",
    "options": [
      "A. Sales – 2 years; Retention – 18 months",
      "B. Sales – 3 years; Retention – 1 year",
      "C. Sales – 2.5 years; Retention – 2 years",
      "D. Sales – 18 months; Retention – 1 year"
    ],
    "answer": "D",
    "explanation": ""
  },
  {
    "id": "me3_q066",
    "question": "Question #366",
    "options": [
      "A. Business model canvas",
      "B. Decision analysis",
      "C. Key performance indicators",
      "D. Use cases"
    ],
    "answer": "C",
    "explanation": ""
  },
  {
    "id": "me3_q067",
    "question": "Question #367",
    "options": [
      "A. Onion diagram",
      "B. Concept model",
      "C. Capability diagram",
      "D. Context model"
    ],
    "answer": "A",
    "explanation": ""
  },
  {
    "id": "me3_q068",
    "question": "Question #368",
    "options": ["A. Impact", "B. Capability", "C. Market", "D. Document"],
    "answer": "A",
    "explanation": ""
  },
  {
    "id": "me3_q069",
    "question": "Question #369",
    "options": ["A. 15", "B. 14", "C. 12", "D. 11"],
    "answer": "B",
    "explanation": ""
  },
  {
    "id": "me3_q070",
    "question": "Question #370",
    "options": ["A. 86%", "B. 83%", "C. 70%", "D. 74%"],
    "answer": "D",
    "explanation": ""
  },
  {
    "id": "me3_q071",
    "question": "Question #371",
    "options": [
      "A. Mortgage payment process",
      "B. Mortgage origination process",
      "C. Mortgage closure process",
      "D. Collateral verification process"
    ],
    "answer": "B",
    "explanation": ""
  },
  {
    "id": "me3_q072",
    "question": "Question #372",
    "options": ["A. 90%", "B. 85%", "C. 10%", "D. 20%"],
    "answer": "A",
    "explanation": ""
  },
  {
    "id": "me3_q073",
    "question": "Question #373",
    "options": [
      "A. Perform document analysis for stores annual records",
      "B. Survey store managers for number of customers per day",
      "C. Conduct a focus group with store managers to determine which should be first",
      "D. Brainstorm with store managers on the current state of each store"
    ],
    "answer": "A",
    "explanation": ""
  },
  {
    "id": "me3_q074",
    "question": "Question #374",
    "options": ["A. Seeking", "B. Avoidance", "C. Mitigation", "D. Neutrality"],
    "answer": "A",
    "explanation": ""
  },
  {
    "id": "me3_q075",
    "question": "Question #375",
    "options": [
      "A. Capability Model",
      "B. Business capability analysis",
      "C. Transition State Diagram",
      "D. Stakeholder Matrix"
    ],
    "answer": "B",
    "explanation": ""
  },
  {
    "id": "me3_q076",
    "question": "Question #376",
    "options": [
      "A. A process diagram",
      "B. A RACI matrix",
      "C. A use case model",
      "D. A business rule"
    ],
    "answer": "B",
    "explanation": ""
  },
  {
    "id": "me3_q077",
    "question": "Question #377",
    "options": [
      "A. Consistent",
      "B. Complete",
      "C. Atomic",
      "D. Understandable"
    ],
    "answer": "B",
    "explanation": ""
  },
  {
    "id": "me3_q078",
    "question": "Question #378",
    "options": [
      "A. be associated with the unit of equipment to which it belongs.\"",
      "B. include the associated equipment's information from the asset management system.\"",
      "C. contain the ID of the equipment to which it belongs.\"",
      "D. be related to a unit of equipment using the Equipment ID stored in the asset management system.\""
    ],
    "answer": "B",
    "explanation": ""
  },
  {
    "id": "me3_q079",
    "question": "Question #379",
    "options": [
      "A. Data Model",
      "B. Data Dictionary",
      "C. Use Case Diagram",
      "D. Data Flow"
    ],
    "answer": "A",
    "explanation": ""
  },
  {
    "id": "me3_q080",
    "question": "Question #380",
    "options": ["A. Feasible", "B. Concise", "C. Consistent", "D. Atomic"],
    "answer": "D",
    "explanation": ""
  },
  {
    "id": "me3_q081",
    "question": "Question #381",
    "options": ["A. Derives", "B. Depends", "C. Validates", "D. Verifies"],
    "answer": "D",
    "explanation": ""
  },
  {
    "id": "me3_q082",
    "question": "Question #382",
    "options": [
      "A. Inability of a service provider to locate other participating service providers and their fee information",
      "B. Inability of a plan subscriber to get directions to nearby participating service providers",
      "C. Inability of a plan subscriber to locate and access fee information for nearby participating service providers",
      "D. Inability of a service provider to be alerted of the location of new plan subscribers in their vicinity"
    ],
    "answer": "C",
    "explanation": ""
  },
  {
    "id": "me3_q083",
    "question": "Question #383",
    "options": [
      "A. Devise a structure that best fits the branch's definition of user roles",
      "B. Explore and apply best practices for specifying this type of requirements",
      "C. Reuse the structure of the solution consultants' requirements catalog",
      "D. Use the structure of requirements suggested by the corporate standard"
    ],
    "answer": "A",
    "explanation": ""
  },
  {
    "id": "me3_q084",
    "question": "Question #384",
    "options": [
      "A. Deploy the current solution and survey users for improvement proposals.",
      "B. Utilize the solution in a test environment with actual data to elicit feedback.",
      "C. Collect the requirements from the sponsor and domain subject matter experts.",
      "D. Explain the benefits of interviews to the requirements elicitation process."
    ],
    "answer": "B",
    "explanation": ""
  },
  {
    "id": "me3_q085",
    "question": "Question #385",
    "options": [
      "A. Buy-in of the proposed solution",
      "B. Approach used by the previous deployments",
      "C. Availability of solution consultants",
      "D. Overall project schedule"
    ],
    "answer": "C",
    "explanation": ""
  },
  {
    "id": "me3_q086",
    "question": "Question #386",
    "options": [
      "A. Rewrite requirements independent of the solution design",
      "B. Enter the information in the company's change management system",
      "C. Add the attributes to the original requirements catalog and change requirements",
      "D. Create a new workbook of requirements with necessary attributes"
    ],
    "answer": "D",
    "explanation": ""
  },
  {
    "id": "me3_q087",
    "question": "Question #387",
    "options": [
      "A. Vertical prototyping",
      "B. Interface analysis",
      "C. Concept modelling",
      "D. System analysis"
    ],
    "answer": "D",
    "explanation": ""
  },
  {
    "id": "me3_q088",
    "question": "Question #388: A business analyst (BA) is working on a payment system (PS) implementation. A set of systems which should interact with a new payment system has been identified. The business analyst defined that a user with role of 'Supervisor' in the PS must pass a two-factor authentication before an execution of the functions: 'Change system parameters' and 'Set up new supervisor.' A user must have the role of 'Supervisor' to use the standard functions 'Send mail notification' or 'Send SMS notification'. The BA wants to create a Use Case diagram. Which standard relationship should be defined between 'Setup new supervisor' and 'Send notification'?",
    "options": [
      "A. Setup new supervisor <<Include>> Send notification",
      "B. Setup new supervisor <<Include>> Send notification (Alternative representation)",
      "C. Setup new supervisor <<Extend>> Send notification",
      "D. Setup new supervisor <<Extend>> Send notification (Alternative representation)"
    ],
    "answer": "C",
    "explanation": "The <<Extend>> relationship is used when a use case conditionally adds behavior to another use case. Since sending notifications is optional behavior that can extend the setup new supervisor functionality, the <<Extend>> relationship is appropriate."
  },
  {
    "id": "me3_q089",
    "question": "Question #389: A business analyst (BA) is working on a payment system (PS) implementation. A set of systems which should interact with a new system has been identified. The business analyst defined that a user with role of 'Supervisor' in the PS must pass a two-factor authentication before an execution of the functions: 'Change system parameters' and 'Set up new supervisor.' A user must have the role of 'Supervisor' to use the standard functions 'Send mail notification' or 'Send SMS notification'. The BA defined the following use cases: 'Change system parameters', 'Setup new supervisor', 'Send mail notification', 'Send SMS notification', 'Send notification', 'Pass a two-factor authentication'. The BA wants to create a Use Case diagram. What standard relationship should be defined between 'Change system parameters', 'Setup new supervisor' and 'Pass a two-factor authentication'?",
    "options": [
      "A. Both Change system parameters and Setup new supervisor connect directly to Pass a two-factor authentication",
      "B. Both use cases use <<Extend>> relationship to Pass a two-factor authentication",
      "C. Both use cases use <<Protect>> relationship to Pass a two-factor authentication",
      "D. Both use cases use <<Include>> relationship to Pass a two-factor authentication"
    ],
    "answer": "A",
    "explanation": "Since both 'Change system parameters' and 'Setup new supervisor' require two-factor authentication as a prerequisite, they should have a direct dependency relationship to 'Pass a two-factor authentication'. This represents that authentication must be completed before these functions can be executed."
  },
  {
    "id": "me3_q090",
    "question": "Question #390",
    "options": [
      "A. Project timeline",
      "B. Project deliverables",
      "C. Resource staffing",
      "D. Expected benefits"
    ],
    "answer": "D",
    "explanation": ""
  },
  {
    "id": "me3_q091",
    "question": "Question #391",
    "options": [
      "A. Business Needs",
      "B. Solution Requirements",
      "C. Success Measures",
      "D. Solution Limitations"
    ],
    "answer": "C",
    "explanation": ""
  },
  {
    "id": "me3_q092",
    "question": "Question #392",
    "options": [
      "A. Internal assets",
      "B. External influencers",
      "C. Change strategy",
      "D. Business architecture"
    ],
    "answer": "D",
    "explanation": ""
  },
  {
    "id": "me3_q093",
    "question": "Question #393",
    "options": [
      "A. Make more profit",
      "B. Defeat competitors",
      "C. Satisfy the customer",
      "D. Stabilize its performance"
    ],
    "answer": "C",
    "explanation": ""
  },
  {
    "id": "me3_q094",
    "question": "Question #394",
    "options": ["A. 12", "B. 9", "C. 10", "D. 11"],
    "answer": "A",
    "explanation": ""
  },
  {
    "id": "me3_q095",
    "question": "Question #395",
    "options": ["A. 18 hours", "B. 20 hours", "C. 15 hours", "D. 17 hours"],
    "answer": "D",
    "explanation": ""
  },
  {
    "id": "me3_q096",
    "question": "Question #396",
    "options": [
      "A. Elicit requirements for a system to coordinate in advance order processing activities with all trips",
      "B. Begin assembling orders for the next trip immediately following the truck's departure",
      "C. Hire more warehouse staff (workers) so that order assembly is done faster and less waiting occurs",
      "D. Ask the drivers to call the operations team member if they are going to be late"
    ],
    "answer": "A",
    "explanation": ""
  },
  {
    "id": "me3_q097",
    "question": "Question #397",
    "options": [
      "A. \"The solution shall employ a blue background.\"",
      "B. \"The solution shall employ a background color blue (HEX #0000FF).\"",
      "C. \"The solution shall employ a high-contrast between background and text.\"",
      "D. \"The solution shall employ a background color that is viewable to a colored-blind user.\""
    ],
    "answer": "B",
    "explanation": ""
  },
  {
    "id": "me3_q098",
    "question": "Question #398",
    "options": [
      "A. The users will require specialized training.",
      "B. The web-based interface will be complex.",
      "C. The system will be inaccessible in remote locations.",
      "D. The cost of the solution outweighs its benefit."
    ],
    "answer": "D",
    "explanation": ""
  },
  {
    "id": "me3_q099",
    "question": "Question #399",
    "options": [
      "A. Requirement ID F-R0002",
      "B. Requirement ID FE10001",
      "C. Requirement ID NFP0002",
      "D. Requirement ID F-R0003"
    ],
    "answer": "B",
    "explanation": ""
  },
  {
    "id": "me3_q100",
    "question": "Question #400",
    "options": [
      "A. Additional capability",
      "B. Increased efficiency",
      "C. Defined relationship to information",
      "D. Improved access to information"
    ],
    "answer": "B",
    "explanation": ""
  },
  {
    "id": "me3_q101",
    "question": "Question #401",
    "options": [
      "A. High-level business requirements document",
      "B. Transition requirements document",
      "C. Process models",
      "D. Project solution architecture"
    ],
    "answer": "C",
    "explanation": ""
  },
  {
    "id": "me3_q102",
    "question": "Question #402",
    "options": ["A. Correct", "B. Unambiguous", "C. Defined", "D. Necessary"],
    "answer": "B",
    "explanation": ""
  },
  {
    "id": "me3_q103",
    "question": "Question #403",
    "options": [
      "A. Business processes to be performed and managed",
      "B. Business policies and business rules",
      "C. People who operate and maintain the solution",
      "D. Operational business decisions to be made"
    ],
    "answer": "A",
    "explanation": ""
  },
  {
    "id": "me3_q104",
    "question": "Question #404",
    "options": [
      "A. Data Dictionary",
      "B. Data Mining",
      "C. Glossary",
      "D. Reviews"
    ],
    "answer": "A",
    "explanation": ""
  },
  {
    "id": "me3_q105",
    "question": "Question #405",
    "options": [
      "A. Organizational modelling",
      "B. State modelling",
      "C. Concept modelling",
      "D. Decision modelling"
    ],
    "answer": "B",
    "explanation": ""
  },
  {
    "id": "me3_q106",
    "question": "Question #406",
    "options": [
      "A. Plan stakeholder engagement",
      "B. Retire the implemented solution",
      "C. Conduct elicitation",
      "D. Continue with the implemented solution"
    ],
    "answer": "D",
    "explanation": ""
  },
  {
    "id": "me3_q107",
    "question": "Question #407",
    "options": [
      "A. Identify additional capabilities",
      "B. Reduce complexity of interfaces",
      "C. Perform organizational change.",
      "D. Retire the solution"
    ],
    "answer": "A",
    "explanation": ""
  },
  {
    "id": "me3_q108",
    "question": "Question #408",
    "options": [
      "A. Use cases and scenarios",
      "B. Benchmarking and market analysis",
      "C. Observation",
      "D. Data mining"
    ],
    "answer": "B",
    "explanation": ""
  },
  {
    "id": "me3_q109",
    "question": "Question #409",
    "options": [
      "A. Survey",
      "B. Decision modelling",
      "C. Data mining",
      "D. Document analysis"
    ],
    "answer": "C",
    "explanation": ""
  },
  {
    "id": "me3_q110",
    "question": "Question #410",
    "options": [
      "A. Performance Variance",
      "B. Accuracy",
      "C. Risks",
      "D. Market Trends"
    ],
    "answer": "A",
    "explanation": ""
  },
  {
    "id": "me3_q111",
    "question": "Question #411",
    "options": ["A. 39", "B. 51", "C. 60", "D. 19"],
    "answer": "C",
    "explanation": ""
  },
  {
    "id": "me3_q112",
    "question": "Question #412",
    "options": ["A. $695,448", "B. $453,635", "C. $653,934", "D. $207,790"],
    "answer": "A",
    "explanation": ""
  },
  {
    "id": "me3_q113",
    "question": "Question #413",
    "options": [
      "A. Company A",
      "B. Company B",
      "C. Both companies B and C",
      "D. Both companies A and C"
    ],
    "answer": "A",
    "explanation": ""
  },
  {
    "id": "me3_q114",
    "question": "Question #414",
    "options": [
      "A. Business Capabilities",
      "B. Cost Benefit",
      "C. Decision",
      "D. Process"
    ],
    "answer": "B",
    "explanation": ""
  },
  {
    "id": "me3_q115",
    "question": "Question #415",
    "options": ["A. Future state", "B. Decision", "C. Market", "D. Root cause"],
    "answer": "A",
    "explanation": ""
  },
  {
    "id": "me3_q116",
    "question": "Question #416",
    "options": [
      "A. Business Analysis Communication Plan",
      "B. Business Analysis Performance Assessment",
      "C. Risk Register",
      "D. Requirements Traceability Repository"
    ],
    "answer": "D",
    "explanation": ""
  },
  {
    "id": "me3_q117",
    "question": "Question #417",
    "options": [
      "A. Implementation Subject Matter Expert and Tester",
      "B. Project Manager and Project Sponsor",
      "C. Regulator and Operational Support Manager",
      "D. Domain Subject Matter Expert and End User"
    ],
    "answer": "D",
    "explanation": ""
  },
  {
    "id": "me3_q118",
    "question": "Question #418",
    "options": ["A. Sunk", "B. Maintenance", "C. Opportunity", "D. Operating"],
    "answer": "C",
    "explanation": ""
  },
  {
    "id": "me3_q119",
    "question": "Question #419",
    "options": [
      "A. Calculate the costs incurred by each option",
      "B. Recommend and present a completely new option",
      "C. Estimate the potential value delivered by each option",
      "D. Compare each option against an industry benchmark"
    ],
    "answer": "C",
    "explanation": ""
  },
  {
    "id": "me3_q120",
    "question": "Question #420",
    "options": [
      "A. Transition",
      "B. Process",
      "C. Stakeholder",
      "D. Non functional"
    ],
    "answer": "D",
    "explanation": ""
  }
]
